measurementNumber,physicalFatigueAnswerTime,mentalFatigueAnswerTime,fatigueSurveySubmissionTime,physicalFatigueScore,mentalFatigueScore
0,209.8920740678441,214.0960854769219,215.98576179496013,7.500000000000001,13.611111111111112
1,589.406279646093,592.8522821201477,596.023027835181,9.444444444444445,22.22222222222222
2,1027.4010679570492,1030.4813313391057,1033.1104153101332,13.055555555555554,23.61111111111111
