measurementNumber,physicalFatigueAnswerTime,mentalFatigueAnswerTime,fatigueSurveySubmissionTime,physicalFatigueScore,mentalFatigueScore
0,226.38055499,234.13611824999998,238.96503741,14.44444444,14.16666667
1,686.57056948,690.0811122700001,694.56938344,24.02777778,11.25
2,1462.908608197,1464.4589021109998,1467.546921663,20.0,45.83333333
