measurementNumber,physicalFatigueAnswerTime,mentalFatigueAnswerTime,fatigueSurveySubmissionTime,physicalFatigueScore,mentalFatigueScore
0,228.42514938,230.63487658,235.47997832,11.11111111,67.77777778
1,591.73702786,589.60872689,604.0010672,27.08333333,62.5
2,1194.166071556,1200.5605157599998,1213.80481277,21.11111111,74.30555556
