measurementNumber,physicalFatigueAnswerTime,mentalFatigueAnswerTime,fatigueSurveySubmissionTime,physicalFatigueScore,mentalFatigueScore
0,214.4627259,219.33686811,221.54418945999998,18.61111111,33.05555556
1,598.3333715599999,602.29869592,604.17415515,25.0,36.80555556
2,1033.1661999629998,1035.0416061849999,1037.444043723,46.52777778,53.47222222
