measurementNumber,physicalFatigueAnswerTime,mentalFatigueAnswerTime,fatigueSurveySubmissionTime,physicalFatigueScore,mentalFatigueScore
0,216.00754373695233,223.65192833496255,225.38334533700254,0,6.805555555555554
1,667.0203955459874,670.2077890150249,671.9533827310661,0,2.361111111111114
2,1213.0730113709578,1218.9318911079317,1222.8520180230264,0,22.5
