measurementNumber,physicalFatigueAnswerTime,mentalFatigueAnswerTime,fatigueSurveySubmissionTime,physicalFatigueScore,mentalFatigueScore
0,207.23251131107102,212.79910576716068,214.24949152814224,55.41666666666667,18.61111111111111
1,624.0111942042131,628.8454640212003,630.1208470209967,56.11111111111112,35.833333333333336
2,1038.5449952140916,1036.5950354861561,1039.5842780540697,46.38888888888889,63.888888888888886
