measurementNumber,physicalFatigueAnswerTime,mentalFatigueAnswerTime,fatigueSurveySubmissionTime,physicalFatigueScore,mentalFatigueScore
0,225.81320940999998,229.17888427999998,230.78499354,25.69444444,11.80555556
1,854.67757034,858.76119079,861.13885249,23.19444444,11.80555556
2,1505.668323066,1509.03275076,1509.4174964200001,22.36111111,31.80555556
