measurementNumber,physicalFatigueAnswerTime,mentalFatigueAnswerTime,fatigueSurveySubmissionTime,physicalFatigueScore,mentalFatigueScore
0,208.90421357797456,211.63205867493522,214.0856181329582,25.0,1.1111111111111127
1,579.4147733480204,581.3019235139946,583.8030562630156,15.555555555555555,0.2777777777777768
2,996.549067075015,1000.7943846450653,1003.2754891939694,18.333333333333336,9.02777777777778
