measurementNumber,physicalFatigueAnswerTime,mentalFatigueAnswerTime,fatigueSurveySubmissionTime,physicalFatigueScore,mentalFatigueScore
0,220.048222038,222.440374407,224.06807142,0.277777778,0.0
1,605.15411869,610.73821701,612.9750661500001,15.27777778,0.138888889
2,1131.7624485879999,1133.631592794,1134.9950532609998,0.972222222,0.277777778
