measurementNumber,physicalFatigueAnswerTime,mentalFatigueAnswerTime,fatigueSurveySubmissionTime,physicalFatigueScore,mentalFatigueScore
0,227.9835026632063,232.45825830008835,233.37215103791098,12.222222222222223,35.0
1,648.4365397980437,652.4837065830361,657.9968418488279,41.66666666666667,38.33333333333333
2,1043.214695194969,1038.30620211293,1044.7239061421715,29.166666666666664,38.05555555555556
