measurementNumber,physicalFatigueAnswerTime,mentalFatigueAnswerTime,fatigueSurveySubmissionTime,physicalFatigueScore,mentalFatigueScore
0,244.4758374628145,254.14229122176764,256.46464570309035,41.25,52.22222222222223
1,817.9625410467852,823.0903063707519,827.9143143277615,73.33333333333334,57.08333333333333
2,1426.057639160892,1429.8948880999815,1431.0698217398021,47.77777777777778,71.38888888888889
