measurementNumber,physicalFatigueAnswerTime,mentalFatigueAnswerTime,fatigueSurveySubmissionTime,physicalFatigueScore,mentalFatigueScore
0,208.60108223790306,220.4489596220665,236.51577982003798,10.97222222222222,37.638888888888886
1,624.3737764530815,626.9255008541513,632.0930854429025,33.75,36.80555555555556
2,968.7619036771357,970.1776152402163,971.3368448459078,26.52777777777778,32.5
