measurementNumber,physicalFatigueAnswerTime,mentalFatigueAnswerTime,fatigueSurveySubmissionTime,physicalFatigueScore,mentalFatigueScore
0,210.4729977948591,213.64273776789196,215.51367490494155,15.555555555555555,18.88888888888889
1,639.6657619759208,641.2796452388866,642.3885334539227,23.88888888888889,24.583333333333336
2,1030.510996526922,1032.8018084689975,1033.760794039932,20.13888888888889,25.694444444444443
