measurementNumber,physicalFatigueAnswerTime,mentalFatigueAnswerTime,fatigueSurveySubmissionTime,physicalFatigueScore,mentalFatigueScore
0,210.0712158519309,211.81255040806718,213.4877041130094,0.0,0.0
1,633.4787025201367,635.7619046380278,637.185728684999,9.02777777777778,0.4166666666666652
2,1125.0553054999327,1126.5709857949987,1127.4574180350173,0.1388888888888884,0.0
