measurementNumber,physicalFatigueAnswerTime,mentalFatigueAnswerTime,fatigueSurveySubmissionTime,physicalFatigueScore,mentalFatigueScore
0,211.66489828005433,214.28447113197763,216.72729209007227,15.27777777777778,33.47222222222223
1,651.2386598569574,654.2480257069692,656.4616340900538,59.16666666666666,48.333333333333336
2,1226.5198510719931,1228.5734090040207,1230.2577370849904,31.52777777777778,34.02777777777778
