measurementNumber,physicalFatigueAnswerTime,mentalFatigueAnswerTime,fatigueSurveySubmissionTime,physicalFatigueScore,mentalFatigueScore
0,209.8722475618124,211.91269167384598,214.03457802394405,9.999999999999998,4.02777777777778
1,623.3881047299365,625.6927354909712,627.3630634829169,77.22222222222221,37.5
2,1210.1589331080904,1215.6564557269448,1217.1137952869758,48.333333333333336,35.833333333333336
