measurementNumber,physicalFatigueAnswerTime,mentalFatigueAnswerTime,fatigueSurveySubmissionTime,physicalFatigueScore,mentalFatigueScore
0,206.96867888607082,210.5635682219872,211.73509967199058,4.583333333333334,4.4444444444444455
1,583.478030415019,585.7294731038855,587.0187325739535,6.111111111111112,6.111111111111112
2,952.9998625039589,954.0819971379824,954.9081943330822,5.972222222222223,18.88888888888889
