measurementNumber,physicalFatigueAnswerTime,mentalFatigueAnswerTime,fatigueSurveySubmissionTime,physicalFatigueScore,mentalFatigueScore
0,214.73625485494267,216.81176200299524,217.51287330593914,50.27777777777778,35.0
1,573.6613950589672,578.728544908925,580.3823673600564,43.47222222222222,35.55555555555556
2,974.586392987985,982.7842773119918,984.5065754839452,57.77777777777777,59.44444444444444
