measurementNumber,physicalFatigueAnswerTime,mentalFatigueAnswerTime,fatigueSurveySubmissionTime,physicalFatigueScore,mentalFatigueScore
0,209.40967849409208,212.51288598007523,214.16486529796384,8.611111111111114,6.25
1,605.7235448970459,607.794218844967,608.9420423631091,29.30555555555556,6.944444444444442
2,976.2027831739979,980.1040072400356,982.2447379500372,13.055555555555554,16.666666666666668
