measurementNumber,physicalFatigueAnswerTime,mentalFatigueAnswerTime,fatigueSurveySubmissionTime,physicalFatigueScore,mentalFatigueScore
0,218.46745128999999,232.69960942,235.23589372,7.638888889,17.08333333
1,588.07985207,606.90166733,609.68705704,26.11111111,27.5
2,953.279369091,959.4521297900001,960.35342901,14.86111111,35.13888889
