measurementNumber,physicalFatigueAnswerTime,mentalFatigueAnswerTime,fatigueSurveySubmissionTime,physicalFatigueScore,mentalFatigueScore
0,223.72964614,221.05703772,225.23308925,35.41666667,26.11111111
1,651.509507118,656.44150157,657.6474414099999,32.08333333,19.30555556
2,1252.499912603,1254.2607629469999,1256.2495763069999,37.63888889,27.91666667
