measurementNumber,physicalFatigueAnswerTime,mentalFatigueAnswerTime,fatigueSurveySubmissionTime,physicalFatigueScore,mentalFatigueScore
0,214.69489092775618,220.00618133973327,221.14211100898683,3.3333333333333326,2.500000000000002
1,644.7230499931611,641.5627375850454,646.3389269756153,47.5,15.138888888888893
2,1063.2996101160534,1070.0234292200767,1070.5861282148398,24.72222222222222,77.22222222222221
