measurementNumber,physicalFatigueAnswerTime,mentalFatigueAnswerTime,fatigueSurveySubmissionTime,physicalFatigueScore,mentalFatigueScore
0,208.78698527102824,211.21629988506902,214.0934040610446,21.250000000000004,21.666666666666668
1,608.7831861641025,613.5319175160257,616.6531257909955,33.75,28.61111111111111
2,1026.5681372610852,1019.8209768210072,1030.1178371799178,41.94444444444444,28.47222222222222
