measurementNumber,physicalFatigueAnswerTime,mentalFatigueAnswerTime,fatigueSurveySubmissionTime,physicalFatigueScore,mentalFatigueScore
0,210.57969174000002,212.842383422,213.904639123,27.91666667,24.30555556
1,615.4815391980001,623.93544181,625.61661487,57.91666667,38.33333333
2,1100.894716602,1102.74512652,1103.667791289,40.97222222,36.80555556
