measurementNumber,physicalFatigueAnswerTime,mentalFatigueAnswerTime,fatigueSurveySubmissionTime,physicalFatigueScore,mentalFatigueScore
0,255.4567451451439,262.06224260898307,263.5424006632529,19.02777777777778,20.694444444444443
1,724.4443026790395,730.724610215053,732.6170524870977,55.27777777777778,47.083333333333336
2,1218.368167575216,1221.9012812771834,1223.287575042108,49.02777777777778,74.44444444444444
