measurementNumber,physicalFatigueAnswerTime,mentalFatigueAnswerTime,fatigueSurveySubmissionTime,physicalFatigueScore,mentalFatigueScore
0,217.79344703,223.0567557,225.12574417,1.527777778,0.972222222
1,756.16798498,763.59160014,766.06609217,1.25,1.527777778
2,1302.32825297,1297.99501164,1303.41527393,7.5,48.47222222
