measurementNumber,physicalFatigueAnswerTime,mentalFatigueAnswerTime,fatigueSurveySubmissionTime,physicalFatigueScore,mentalFatigueScore
0,215.996544403024,220.50752264820036,221.63164812512696,11.11111111111111,34.583333333333336
1,577.3788301080931,581.5312858251855,582.8621939069126,12.5,30.41666666666667
2,933.8000952720176,935.7908825289924,937.5645632899832,13.472222222222223,19.166666666666664
