measurementNumber,physicalFatigueAnswerTime,mentalFatigueAnswerTime,fatigueSurveySubmissionTime,physicalFatigueScore,mentalFatigueScore
0,213.46607405110262,217.15353321202565,218.6786679229699,0,0.1388888888888884
1,712.8030913070543,714.4465877490584,716.758276155917,0,0.2777777777777768
2,1182.8530593910257,1184.8329738699833,1186.4871572919656,0,0.0
