measurementNumber,physicalFatigueAnswerTime,mentalFatigueAnswerTime,fatigueSurveySubmissionTime,physicalFatigueScore,mentalFatigueScore
0,220.53381037293002,226.19359397597145,228.20654445199762,0.1388888888888884,12.083333333333336
1,623.6900443410268,627.6784062479855,628.633580522961,16.388888888888886,19.583333333333336
2,1010.6473042240833,1014.7251087919577,1019.0274534348864,27.916666666666668,62.22222222222222
