measurementNumber,physicalFatigueAnswerTime,mentalFatigueAnswerTime,fatigueSurveySubmissionTime,physicalFatigueScore,mentalFatigueScore
0,212.57906128300002,215.55646259,216.72639598,9.027777778,9.444444444
1,605.58620763,611.18660465,615.21137762,8.611111111,8.611111111
2,1165.432299409,1167.453803895,1168.000808785,10.69444444,18.47222222
