measurementNumber,physicalFatigueAnswerTime,mentalFatigueAnswerTime,fatigueSurveySubmissionTime,physicalFatigueScore,mentalFatigueScore
0,208.52362396812535,212.75295889796692,214.6955165801337,14.444444444444445,15.694444444444445
1,617.513237281004,620.780354558141,624.4132619841257,44.86111111111112,30.41666666666667
2,978.2768035740593,983.3798559700373,985.2397880660138,26.25,19.583333333333336
