measurementNumber,physicalFatigueAnswerTime,mentalFatigueAnswerTime,fatigueSurveySubmissionTime,physicalFatigueScore,mentalFatigueScore
0,215.76345413399392,223.24501959094775,225.2109929879662,3.472222222222221,18.47222222222222
1,598.9539754808648,605.1720137519296,606.8429317229893,73.61111111111111,57.91666666666666
2,907.4092725239461,913.4276681300253,914.3777598389426,56.11111111111112,70.69444444444444
