measurementNumber,physicalFatigueAnswerTime,mentalFatigueAnswerTime,fatigueSurveySubmissionTime,physicalFatigueScore,mentalFatigueScore
0,210.7549010119401,213.7700478390325,219.35211277403866,0.0,21.52777777777778
1,609.1656771891285,604.2296545461286,613.0859803052153,8.611111111111114,30.97222222222222
2,1004.4171710419467,1006.9863894840236,1008.3604114390909,10.833333333333334,33.47222222222223
