measurementNumber,physicalFatigueAnswerTime,mentalFatigueAnswerTime,fatigueSurveySubmissionTime,physicalFatigueScore,mentalFatigueScore
0,229.34921350000002,232.11848235,235.60425315,16.52777778,26.25
1,760.39471029,767.81539316,769.26455777,22.77777778,19.44444444
2,1430.643540133,1433.726695666,1434.558633527,23.61111111,46.38888889
