measurementNumber,physicalFatigueAnswerTime,mentalFatigueAnswerTime,fatigueSurveySubmissionTime,physicalFatigueScore,mentalFatigueScore
0,238.27444999292493,236.62829557294026,239.9980811579153,10.555555555555555,10.694444444444445
1,656.3243435688782,650.9484256268479,657.3018012051471,39.30555555555556,14.02777777777778
2,1189.7013264549896,1191.7043030359782,1196.3286207360215,28.75,21.944444444444443
